<?xml version="1.0" encoding="UTF-8"?>
<!DOCTYPE mapper PUBLIC "-//mybatis.org//DTD Mapper 3.0//EN" "http://mybatis.org/dtd/mybatis-3-mapper.dtd">
<mapper namespace="LMapper">
	
	
	<!-- 新增-->
	<insert id="save" parameterType="pd">
		insert into "TB_L"(
			"P",	
			"L_ID"
		) values (
			#{P},	
			#{L_ID}
		)
	</insert>
	
	
	<!-- 删除-->
	<delete id="delete" parameterType="pd">
		delete from "TB_L"
		where 
			"L_ID" = #{L_ID}
	</delete>
	
	
	<!-- 修改 -->
	<update id="edit" parameterType="pd">
		update  "TB_L"
			set 
				"P" = #{P},	
			"L_ID" = "L_ID"
			where 
				"L_ID" = #{L_ID}
	</update>
	
	
	<!-- 通过ID获取数据 -->
	<select id="findById" parameterType="pd" resultType="pd">
		select 
			"P",	
			"L_ID"
		from 
			"TB_L"
		where 
			"L_ID" = #{L_ID}
	</select>
	
	
	<!-- 列表 -->
	<select id="datalistPage" parameterType="page" resultType="pd">
		select
				a."P",	
				a."L_ID"
		from 
				"TB_L" a
	</select>
	
	<!-- 列表(全部) -->
	<select id="listAll" parameterType="pd" resultType="pd">
		select
				a."P",	
				a."L_ID"
		from 
				"TB_L" a
	</select>
	
	<!-- 批量删除 -->
	<delete id="deleteAll" parameterType="String">
		delete from "TB_L"
		where 
			"L_ID" in
		<foreach item="item" index="index" collection="array" open="(" separator="," close=")">
                 #{item}
		</foreach>
	</delete>
	
</mapper>